id,d_c1_h,d_c1_s,d_c1_v,d_c1_pc,d_c2_h,d_c2_s,d_c2_v,d_c2_pc,d_c3_h,d_c3_s,d_c3_v,d_c3_pc,genre1
1,11,110,153,14.94,153,122,104,45.22,2,157,227,39.83
2,67,45,29,46.22,151,85,62,30.81,214,179,143,22.97
3,52,31,33,50.21,190,141,126,18.45,253,224,198,31.34
4,96,49,33,22.21,242,231,224,49.89,187,135,112,27.91
5,38,25,21,50.77,219,145,92,23.93,250,246,242,25.3
6,0,4,10,51.5,7,18,31,28.85,69,104,132,19.64
7,20,16,17,50.99,243,220,217,6.67,255,255,255,42.34
8,73,26,33,27.04,253,248,247,49.78,178,135,118,23.17
9,4,4,4,58.22,44,28,24,22.81,171,138,118,18.97
10,7,23,43,54.87,90,89,99,16.19,233,193,175,28.93
11,1,1,2,60.74,19,12,11,19.04,165,122,90,20.22
12,3,2,3,56.39,63,18,22,22.2,183,131,76,21.41
13,90,115,121,21.39,229,232,225,55.66,109,195,227,22.95
14,17,16,21,48.81,96,53,52,30.54,186,146,132,20.64
15,105,62,24,34.49,212,128,20,44.62,232,196,135,20.89
16,0,0,0,61.59,2,1,1,23.4,106,62,43,15.01
17,168,111,67,15.87,247,222,187,42.06,229,184,138,42.07
18,7,28,30,53.72,177,98,80,16.85,253,250,245,29.43
19,22,39,46,29.63,206,191,172,45.89,66,100,119,24.48
20,85,31,21,45.87,204,50,28,28.84,234,167,54,25.29
21,3,2,3,31.71,252,252,250,55.84,122,123,124,12.45
22,11,1,2,54.21,33,28,32,25.23,85,115,135,20.56
23,14,13,17,48.48,109,69,77,29.73,160,148,160,21.79
24,36,61,91,47.14,61,71,90,31.87,163,176,194,20.99
25,3,1,2,54.02,115,39,13,22.26,224,163,77,23.72
26,15,12,8,47.01,100,58,38,33.72,170,126,98,19.28
27,99,99,126,37.67,215,172,159,29.19,235,234,246,33.14
28,24,18,22,49.92,139,112,95,25.4,216,218,196,24.67
29,51,29,35,50.71,108,65,50,32.01,168,138,114,17.28
30,22,17,16,55.13,117,44,29,21.8,224,191,166,23.06
31,20,11,8,47.54,79,46,34,34.27,182,143,127,18.18
32,0,0,0,63.77,7,4,7,15.71,135,102,106,20.52
33,111,65,43,34.89,163,137,124,33.6,211,136,49,31.5
34,58,43,48,47.29,173,119,51,32.79,199,158,145,19.93
35,151,126,90,17.26,255,254,248,15.44,255,254,250,67.3
36,37,25,14,48.98,228,149,79,25.4,251,247,224,25.63
37,73,106,118,28.67,189,197,206,43.24,63,109,179,28.1
38,122,97,91,20.42,254,250,247,52.69,224,209,195,26.89
39,125,106,111,32.45,226,198,185,33.48,237,239,239,34.07
40,7,6,6,54.16,46,28,25,25.57,163,133,103,20.27
41,17,7,8,51.22,107,51,52,25.84,202,168,171,22.94
42,0,0,1,70.39,1,2,9,9.79,130,150,169,19.82
43,0,0,0,63.01,9,5,4,16.62,158,119,88,20.37
44,0,0,0,61.09,7,4,3,20.02,104,65,33,18.89
45,15,25,72,46.69,62,81,150,31.58,175,226,245,21.73
46,4,5,6,55.41,56,46,38,23.4,192,179,153,21.2
47,1,1,1,63.4,28,17,16,12.79,206,114,69,23.81
48,60,45,43,35.83,226,162,85,47.23,56,76,103,16.94
49,3,1,1,55.98,63,7,11,26.26,150,81,56,17.76
50,24,24,24,46.29,171,155,134,25.39,239,235,234,28.31
51,18,28,34,52.64,25,46,98,28.7,114,132,158,18.66
52,161,77,79,21.53,250,229,114,47.94,231,203,140,30.53
53,80,90,100,27.45,201,207,212,45.55,188,139,116,27.0
54,68,112,89,46.3,171,162,74,26.88,183,193,174,26.82
55,82,36,20,42.5,217,143,92,29.59,241,211,184,27.9
56,27,65,87,47.41,158,149,130,27.42,194,214,221,25.16
57,127,113,114,29.35,191,170,170,43.36,226,223,217,27.29
58,27,30,40,48.22,173,125,82,25.54,161,172,185,26.24
59,18,22,21,60.59,122,84,35,17.05,138,115,137,22.36
60,26,27,48,40.2,100,71,115,42.66,173,159,189,17.14
61,12,10,18,51.78,70,49,81,25.71,152,149,182,22.51
62,37,31,23,50.05,138,122,106,23.55,252,251,249,26.4
63,32,25,99,35.48,254,252,245,53.37,98,92,122,11.15
64,90,55,48,26.43,243,220,205,44.94,147,164,178,28.63
65,64,28,26,30.74,219,157,128,46.31,111,91,119,22.94
66,15,17,29,54.2,49,42,50,26.7,125,139,153,19.1
67,22,39,83,40.61,37,47,89,43.3,129,137,171,16.09
68,54,26,16,21.29,252,241,232,41.69,210,149,105,37.02
69,15,10,12,29.31,230,115,78,49.98,88,63,65,20.71
70,3,5,18,56.68,83,12,15,23.24,192,143,116,20.08
71,52,33,27,23.19,230,212,190,48.72,161,139,111,28.08
72,65,74,33,47.43,83,98,51,35.21,193,184,152,17.36
73,34,34,56,53.1,152,101,58,23.19,197,182,163,23.71
74,97,43,31,31.43,225,166,143,46.8,77,106,138,21.77
75,78,26,37,20.72,249,221,212,41.83,174,97,78,37.45
76,0,5,11,76.26,1,8,13,6.55,32,80,105,17.19
77,34,32,27,32.04,184,157,124,42.88,81,95,105,25.09
78,0,0,0,87.82,0,0,0,0.0,81,80,80,12.18
79,4,5,6,62.16,37,18,15,13.66,210,137,75,24.19
80,43,111,165,42.1,203,52,49,43.16,200,104,82,14.74
81,22,16,21,51.49,165,72,60,25.21,227,199,196,23.3
82,71,50,31,33.96,203,211,181,39.56,107,220,202,26.47
83,70,51,49,48.23,190,89,65,27.11,222,199,177,24.66
84,88,73,89,25.24,247,242,249,51.4,169,144,150,23.35
85,1,1,1,57.26,35,22,15,24.1,154,126,103,18.64
86,87,75,70,46.93,137,133,122,29.19,172,195,191,23.88
87,84,47,43,27.24,255,252,250,54.16,195,171,155,18.6
88,35,90,121,52.94,152,76,80,18.42,161,197,220,28.64
89,19,25,40,44.75,94,82,78,32.97,157,164,171,22.28
90,34,31,34,56.61,85,98,119,16.58,183,190,202,26.8
92,53,66,70,22.32,205,200,196,43.38,112,117,127,34.31
93,43,29,28,52.9,98,73,63,23.44,222,197,171,23.66
94,30,11,10,30.09,255,254,254,55.72,181,117,99,14.19
95,29,33,47,49.08,159,98,76,26.29,222,194,165,24.63
96,38,32,39,48.73,117,108,117,25.99,171,180,211,25.27
97,85,85,85,17.72,247,247,247,45.95,166,166,166,36.33
98,29,24,24,60.71,126,96,39,18.33,157,169,184,20.96
99,34,34,32,58.31,112,112,110,11.5,219,219,218,30.18
100,1,3,3,57.25,79,31,33,22.18,162,138,117,20.57
101,133,160,49,56.26,206,148,109,9.93,247,197,199,33.81
102,108,66,51,39.42,209,125,100,38.47,225,205,195,22.1
103,0,2,3,61.81,24,30,30,13.83,216,216,215,24.36
104,0,0,1,59.36,73,72,71,10.93,187,210,230,29.71
105,86,61,49,23.14,205,155,115,44.47,143,96,66,32.39
106,33,33,29,58.64,111,59,52,19.32,198,184,94,22.04
107,72,34,24,29.72,220,195,172,49.68,91,140,165,20.6
108,47,40,33,45.2,199,127,79,27.85,225,180,129,26.96
109,58,58,56,26.57,211,207,199,50.65,170,103,89,22.78
110,59,52,44,46.35,216,98,39,28.6,197,169,124,25.05
111,5,8,13,55.04,60,52,48,21.55,212,192,48,23.42
112,21,20,20,27.25,192,104,92,44.93,18,124,194,27.82
113,107,86,81,24.87,229,218,218,51.57,157,153,168,23.56
114,47,36,48,50.6,108,103,113,23.69,174,179,183,25.72
115,36,40,62,40.83,103,97,109,37.16,126,145,196,22.01
116,106,59,57,25.89,234,180,140,45.61,175,127,121,28.51
117,25,27,31,52.17,72,52,60,28.73,130,141,166,19.1
118,96,88,115,38.48,212,186,185,32.82,236,229,231,28.7
119,55,50,45,48.61,106,76,61,30.67,141,147,163,20.72
120,89,60,52,26.57,227,209,156,50.01,110,106,149,23.42
121,96,75,58,41.46,234,224,207,27.78,250,248,245,30.75
122,3,1,1,52.11,170,105,81,20.62,242,240,235,27.27
123,62,74,56,42.04,110,134,120,37.65,193,201,176,20.32
124,136,65,75,23.43,254,251,250,50.24,229,190,182,26.33
125,120,84,73,21.23,245,238,227,45.27,224,133,97,33.51
126,51,69,142,29.01,229,204,200,46.06,142,91,119,24.93
127,58,72,82,22.81,175,190,201,42.84,114,130,137,34.35
128,1,4,2,54.45,27,34,23,25.55,125,138,117,20.01
129,115,55,44,27.51,235,179,133,51.46,170,157,173,21.04
130,69,48,48,65.61,194,64,44,27.06,161,82,69,7.33
131,10,19,25,50.7,43,54,80,27.97,77,124,150,21.33
132,5,72,39,59.53,33,76,44,13.76,122,196,136,26.71
133,42,57,64,42.28,143,116,109,21.17,163,189,206,36.56
134,30,30,30,45.84,104,104,104,33.45,214,214,214,20.71
135,52,63,101,47.69,149,128,118,24.65,190,203,231,27.65
136,118,39,4,46.73,147,63,16,32.46,150,121,90,20.82
137,100,60,46,19.92,251,251,224,45.25,219,115,91,34.83
138,44,30,26,31.5,242,229,146,52.62,119,102,81,15.88
139,24,15,14,28.71,190,199,213,46.1,79,71,71,25.2
140,79,110,141,21.86,202,216,232,43.28,136,167,202,34.86
141,13,33,42,47.42,71,53,55,31.03,182,149,119,21.55
142,45,39,41,26.1,254,254,252,61.1,207,202,197,12.81
143,88,89,81,31.62,208,177,134,45.21,232,209,178,23.16
144,15,17,15,24.23,198,200,198,44.32,67,96,93,31.44
145,83,35,16,23.89,242,191,80,52.18,227,186,115,23.93
146,40,44,44,30.81,178,167,169,36.24,70,140,191,32.95
147,19,8,5,51.73,119,56,34,24.79,223,196,158,23.47
148,20,20,31,49.37,52,54,75,29.6,157,161,179,21.02
149,12,14,21,45.65,76,78,104,31.0,225,208,158,23.35
150,2,2,3,54.4,52,49,48,24.32,177,176,174,21.28
151,97,46,24,38.69,193,93,39,43.71,211,140,84,17.6
152,6,16,24,62.51,41,30,40,16.82,176,175,181,20.66
153,6,17,24,46.69,48,47,65,33.91,151,141,136,19.4
154,62,45,34,42.88,235,209,170,33.48,251,248,239,23.64
155,85,61,43,42.21,212,182,151,32.76,241,232,223,25.02
156,29,95,114,17.85,229,219,193,50.86,78,201,221,31.29
157,43,74,124,44.15,131,55,38,33.32,196,196,170,22.53
158,19,28,79,50.37,40,66,138,28.55,121,164,211,21.08
159,119,3,3,17.6,251,250,250,56.35,208,77,75,26.05
160,2,12,5,54.78,40,58,38,23.51,174,167,97,21.71
161,7,5,5,54.99,186,19,13,36.48,237,101,93,8.53
162,79,71,56,37.24,178,145,87,55.09,187,160,111,7.67
163,0,0,0,62.53,3,2,2,18.68,108,52,42,18.79
164,5,1,3,57.02,105,45,24,19.92,177,144,135,23.06
165,89,60,56,39.98,196,83,60,29.92,211,210,195,30.1
166,11,11,11,58.13,29,22,30,20.68,115,118,169,21.19
167,39,28,34,49.04,88,65,55,27.58,170,116,75,23.38
168,34,43,46,46.12,161,124,106,26.9,197,210,216,26.98
169,52,69,84,52.42,187,147,102,23.21,178,177,178,24.37
170,9,9,18,55.52,34,37,80,23.22,106,119,175,21.26
171,21,17,21,56.71,118,52,45,21.43,149,106,143,21.85
172,2,7,8,43.23,111,89,101,31.18,5,28,74,25.6
173,0,0,1,66.01,6,7,8,12.89,142,77,55,21.1
174,101,115,139,46.05,201,155,149,18.41,224,211,199,35.55
175,0,0,0,60.03,73,41,31,17.41,187,168,125,22.55
176,21,18,20,51.15,194,181,116,18.67,254,253,254,30.18
177,1,16,36,48.8,37,58,115,28.46,158,201,232,22.74
178,68,35,47,50.45,163,63,83,33.04,170,137,157,16.51
179,24,46,65,53.31,127,80,62,19.7,173,143,132,26.99
180,61,44,35,41.34,217,124,69,26.17,249,222,72,32.49
181,22,23,24,51.67,108,89,78,26.85,183,185,200,21.48
182,117,41,25,27.41,248,224,175,50.59,216,179,121,21.99
183,55,15,4,28.64,236,211,189,48.92,171,104,71,22.44
184,39,19,15,59.56,52,31,26,22.17,161,158,157,18.27
185,8,22,53,57.91,39,36,48,23.26,139,130,126,18.82
186,60,31,28,42.12,210,102,63,38.32,241,191,160,19.56
187,109,80,77,28.97,255,247,243,62.55,251,185,181,8.48
188,1,0,1,58.04,27,15,16,24.83,139,114,103,17.13
189,158,138,137,22.12,245,250,243,54.59,222,224,214,23.28
190,67,60,48,44.17,155,106,60,29.96,159,143,127,25.87
191,16,5,5,48.96,170,95,80,25.2,210,168,152,25.84
192,98,55,37,43.28,209,122,81,28.75,244,220,189,27.98
193,0,0,0,85.36,0,0,0,0.0,115,73,77,14.64
194,63,30,25,48.47,239,216,206,11.34,249,251,252,40.19
195,57,38,31,42.62,181,126,91,30.91,207,188,187,26.47
196,1,77,6,51.46,36,53,9,29.6,104,135,56,18.94
197,54,33,19,48.19,121,77,29,31.07,155,120,63,20.74
198,13,11,14,52.58,129,82,75,23.08,151,143,180,24.33
199,142,111,91,20.63,239,222,208,56.56,226,179,168,22.82
200,26,20,21,61.28,49,25,23,19.0,143,77,62,19.72
201,71,29,44,28.1,234,217,228,47.48,131,96,135,24.41
202,9,3,10,52.13,21,9,15,28.19,122,92,75,19.68
203,125,55,59,27.51,250,235,229,47.76,150,197,214,24.73
204,22,19,22,49.48,154,126,114,20.97,241,241,244,29.55
205,12,3,5,59.23,39,25,29,18.23,170,151,171,22.54
206,162,131,122,17.34,243,239,242,54.62,222,226,235,28.04
207,56,41,20,25.39,231,214,188,45.88,148,128,94,28.73
208,21,61,104,49.14,104,122,146,22.24,167,213,249,28.62
209,24,23,19,29.53,224,198,185,45.8,117,84,70,24.67
210,33,33,36,51.89,172,165,176,13.91,211,233,251,34.2
211,69,61,54,44.96,160,141,128,27.57,227,208,189,27.47
212,39,25,28,47.25,165,84,55,31.32,182,153,166,21.43
213,124,127,99,27.32,211,165,112,31.94,217,229,208,40.74
214,53,53,49,42.2,170,157,151,30.75,235,235,238,27.04
215,79,56,68,44.73,191,113,80,21.24,184,149,149,34.03
216,88,53,82,51.19,233,199,195,8.08,255,255,255,40.73
217,2,16,32,47.46,11,33,62,28.53,95,147,203,24.01
218,70,32,23,23.47,253,247,237,50.66,218,173,143,25.87
219,14,16,8,51.97,67,55,31,28.91,132,151,95,19.12
220,2,1,1,59.67,44,23,30,18.58,108,113,177,21.75
222,17,12,7,46.44,43,31,16,36.38,121,116,77,17.17
223,60,43,45,25.94,255,255,255,60.02,207,205,206,14.05
224,39,50,37,44.0,195,121,75,29.74,206,212,186,26.26
225,27,16,13,53.11,213,187,177,8.91,240,243,241,37.98
226,14,32,54,52.22,110,67,77,27.71,193,179,184,20.07
227,120,32,19,47.82,227,95,26,27.04,235,148,63,25.14
228,46,15,42,41.13,224,170,155,35.06,153,170,159,23.81
229,37,35,39,46.95,167,160,178,22.38,216,218,213,30.67
230,16,16,19,52.03,106,66,61,25.86,196,151,122,22.11
231,88,51,43,25.69,239,215,198,44.28,118,98,97,30.03
232,111,63,40,25.71,174,104,62,53.96,219,183,152,20.32
233,0,0,7,54.57,1,2,25,28.09,87,66,83,17.34
234,31,31,36,45.4,189,134,116,27.18,233,230,234,27.42
235,3,3,6,60.95,25,22,27,18.01,177,173,176,21.03
236,48,33,28,47.73,226,188,143,17.04,236,214,171,35.23
237,2,4,4,51.9,34,44,42,28.02,137,130,133,20.08
238,98,93,97,35.36,208,139,97,26.3,223,215,208,38.34
239,58,92,123,43.74,196,126,58,27.69,201,145,163,28.57
240,40,44,41,50.19,163,83,56,23.32,196,184,141,26.5
241,108,75,57,32.01,234,222,210,46.54,130,168,214,21.45
242,38,31,34,47.91,154,107,72,31.8,197,168,140,20.29
243,94,84,67,27.15,221,224,232,47.55,192,151,96,25.3
244,104,81,66,34.39,248,206,194,46.73,116,184,131,18.88
245,8,14,17,54.73,64,31,34,23.35,142,119,123,21.92
246,52,21,20,53.04,170,125,115,16.78,226,224,214,30.18
247,5,3,13,55.06,100,41,53,21.47,215,175,166,23.48
248,114,80,72,25.88,241,226,220,44.08,199,217,232,30.05
249,32,25,14,50.94,139,95,53,23.26,226,189,145,25.81
250,103,72,60,26.45,241,232,212,48.91,178,200,206,24.64
251,6,8,10,68.42,29,8,11,12.2,148,92,63,19.38
252,116,55,44,35.34,237,191,186,43.23,170,163,162,21.43
253,16,4,3,51.54,107,63,34,23.89,205,175,137,24.57
254,0,4,2,55.17,42,30,23,22.55,168,115,84,22.28
255,94,64,57,23.67,226,193,107,46.11,166,93,80,30.22
256,34,78,98,36.0,197,154,134,20.31,182,220,238,43.69
257,6,8,7,67.64,23,11,13,13.07,137,119,102,19.3
258,38,30,43,48.72,117,69,67,30.63,161,145,153,20.65
259,19,12,6,55.06,97,50,27,22.44,186,158,127,22.5
260,17,17,21,43.76,76,50,42,39.4,173,168,172,16.84
261,39,23,22,30.24,235,199,184,45.3,115,94,81,24.45
262,6,8,6,55.04,52,39,28,22.45,188,128,81,22.51
263,47,17,15,44.32,217,31,44,39.83,214,113,75,15.86
264,137,116,118,21.92,241,234,241,56.51,207,197,205,21.57
265,15,15,22,74.73,20,15,22,11.82,96,49,37,13.45
266,18,14,14,49.81,117,91,74,27.23,205,176,147,22.96
267,51,62,62,43.51,182,142,95,23.93,191,206,206,32.56
268,1,1,1,66.03,9,9,23,12.95,71,113,144,21.03
269,68,56,59,49.42,193,165,152,21.43,230,222,220,29.15
270,5,11,15,56.08,36,32,33,24.55,142,100,78,19.37
271,99,51,30,43.3,216,152,86,29.48,239,196,132,27.22
272,30,22,27,49.25,91,49,43,31.26,161,122,104,19.49
273,0,20,45,46.31,15,64,118,27.83,96,192,232,25.86
274,67,44,38,25.08,248,242,240,47.88,171,149,146,27.04
275,93,52,56,44.45,236,202,192,19.28,250,250,250,36.27
276,156,125,103,20.52,254,253,251,57.08,236,225,204,22.4
277,113,80,56,44.75,220,177,162,25.5,242,240,244,29.75
278,74,78,71,36.02,227,200,139,28.72,253,254,255,35.26
279,29,20,18,28.92,202,177,167,48.7,94,111,132,22.39
280,1,1,1,56.62,62,34,26,21.65,213,166,146,21.73
281,50,54,59,41.86,161,108,73,27.34,183,187,186,30.8
282,4,4,5,53.46,57,56,52,26.01,147,135,125,20.53
283,12,13,23,50.27,81,50,73,29.11,146,146,168,20.62
284,10,5,10,63.63,18,9,24,20.74,83,59,78,15.63
285,12,11,5,51.25,116,72,38,27.08,184,152,108,21.68
286,14,11,22,49.36,59,26,126,36.72,121,113,156,13.92
287,16,12,12,25.64,239,233,229,56.02,164,166,185,18.33
288,68,61,59,38.29,213,205,197,22.19,223,221,204,39.52
289,30,27,34,48.37,104,97,101,27.73,217,217,212,23.9
290,10,6,4,52.25,185,39,13,27.47,235,179,99,20.28
291,1,0,0,36.23,234,178,163,46.72,46,24,25,17.05
292,23,8,9,47.53,138,23,43,42.23,160,69,60,10.24
293,57,41,32,47.35,200,159,86,24.66,246,246,238,28.0
294,28,18,12,25.85,221,170,133,49.13,70,90,110,25.01
295,68,52,45,47.89,202,111,81,24.17,241,196,136,27.94
296,28,16,29,48.37,172,55,37,27.84,223,175,126,23.78
297,18,27,17,54.35,106,46,28,20.54,179,105,57,25.11
298,74,66,97,25.06,136,108,151,25.36,110,71,114,49.58
299,16,4,5,58.16,109,35,34,14.04,237,161,110,27.8
300,2,2,2,79.67,6,2,3,11.37,37,21,19,8.96
301,56,53,68,42.43,183,139,140,34.6,202,190,206,22.97
302,91,33,39,50.45,102,46,50,26.37,208,182,183,23.18
303,3,2,2,55.07,35,24,18,27.59,148,130,116,17.34
304,99,103,99,21.78,249,249,248,50.28,195,154,144,27.93
305,179,147,143,15.87,255,255,254,84.13,255,255,254,0.0
306,88,18,20,56.62,108,24,27,25.07,172,80,83,18.3
307,5,54,87,40.53,17,46,66,37.21,67,141,185,22.26
308,167,154,151,18.14,250,253,254,29.56,248,251,251,52.3
309,26,28,29,55.91,102,44,45,27.51,148,117,106,16.58
310,65,71,135,48.13,181,162,146,26.31,232,232,245,25.56
311,18,18,23,31.16,251,251,252,55.68,127,126,152,13.16
312,101,39,43,27.14,249,247,244,51.43,134,131,160,21.43
313,49,91,136,44.67,151,129,130,17.05,125,175,214,38.28
314,41,32,28,29.67,202,208,218,55.31,130,108,100,15.02
315,37,36,30,45.99,187,129,99,31.08,242,229,218,22.93
316,11,36,51,48.93,75,84,85,24.72,170,193,193,26.35
317,224,24,33,57.44,241,144,144,31.3,186,97,88,11.25
318,84,49,39,42.94,182,116,72,33.04,210,182,150,24.02
319,18,18,16,60.44,81,22,12,26.05,135,79,66,13.51
320,33,44,61,43.61,89,107,115,36.87,137,156,156,19.52
321,11,51,85,50.62,127,79,68,26.15,195,192,191,23.23
322,110,85,73,24.38,255,252,251,70.74,254,239,237,4.88
324,10,33,36,27.56,207,229,233,47.42,59,130,130,25.02
325,44,16,23,27.78,99,157,188,44.24,156,111,86,27.98
326,14,11,9,54.91,85,41,29,19.6,179,94,52,25.49
327,55,15,20,30.69,251,224,34,46.85,103,110,127,22.45
328,12,31,36,46.09,67,91,94,30.58,138,168,183,23.33
329,12,52,127,58.89,75,56,149,20.45,157,136,189,20.66
330,0,0,1,64.21,15,10,11,12.99,183,124,120,22.8
331,3,6,9,62.82,65,28,18,11.19,224,191,131,26.0
332,1,1,1,57.0,43,37,39,20.59,164,152,150,22.41
333,81,99,115,43.32,174,102,86,31.08,217,213,203,25.6
334,12,12,12,30.52,239,237,236,56.33,132,129,128,13.15
335,0,0,0,63.3,28,9,10,15.06,154,119,111,21.65
336,55,45,47,45.95,140,81,82,31.49,204,182,178,22.56
337,106,59,13,28.84,246,241,237,51.06,171,142,117,20.1
338,17,13,10,53.15,78,33,21,26.62,139,97,74,20.23
339,41,38,49,24.53,206,208,223,52.24,131,151,178,23.23
340,17,18,21,25.6,240,223,213,43.12,130,103,86,31.28
341,62,43,38,62.25,172,74,31,24.87,150,113,63,12.88
342,197,179,168,14.87,255,254,253,59.37,250,249,246,25.76
343,24,27,17,38.36,199,174,181,43.65,85,135,156,17.99
344,32,38,66,52.37,154,118,127,19.17,231,218,219,28.46
345,42,82,133,18.22,242,239,235,47.42,27,109,183,34.36
346,1,1,1,56.3,96,52,38,18.14,201,171,132,25.55
347,6,29,51,58.5,43,47,51,19.52,184,188,189,21.98
348,20,19,16,52.91,116,102,84,21.64,238,235,229,25.45
349,2,5,15,58.68,84,22,37,22.71,129,136,144,18.61
350,1,1,3,63.2,3,3,4,17.79,107,101,92,19.01
351,41,30,26,24.9,252,245,237,47.81,172,151,134,27.29
352,51,23,41,27.24,219,103,57,52.35,53,114,103,20.41
353,0,0,0,86.1,0,0,0,0.0,128,124,124,13.9
354,22,98,127,49.82,168,155,145,18.0,175,215,232,32.19
355,87,118,140,41.09,196,155,114,26.65,198,206,215,32.25
356,142,130,135,19.75,255,254,254,63.56,251,252,252,16.68
357,52,49,44,45.74,242,230,215,15.46,255,255,255,38.8
358,157,10,10,11.54,188,0,0,84.36,193,19,19,4.1
359,55,43,32,45.02,197,160,112,29.15,232,230,224,25.83
360,56,37,64,41.4,212,177,162,37.08,124,49,69,21.53
361,20,16,24,51.75,135,98,91,24.59,202,188,192,23.67
362,46,34,24,39.94,189,162,151,43.48,93,111,130,16.58
363,81,64,63,20.65,241,240,247,58.81,227,218,221,20.54
364,54,51,67,45.95,180,80,47,27.03,214,202,175,27.02
365,3,2,1,56.69,114,5,5,30.6,135,56,39,12.7
366,2,1,1,55.84,72,18,17,25.47,147,72,59,18.68
367,6,51,6,52.97,122,40,11,20.71,211,143,34,26.33
368,13,23,29,47.19,66,69,61,33.62,153,150,132,19.19
369,0,0,0,64.43,3,1,1,20.07,128,91,81,15.5
370,80,78,80,43.11,189,135,126,28.48,220,214,207,28.41
371,80,52,45,25.81,246,242,239,52.26,170,158,153,21.93
372,17,28,33,49.12,117,97,92,29.88,186,189,195,21.01
373,45,30,70,52.47,147,47,44,24.62,209,193,157,22.91
374,68,73,73,40.53,191,155,118,22.2,208,220,235,37.26
375,35,18,20,50.97,149,79,64,28.97,229,207,195,20.05
376,41,65,79,21.93,161,192,202,43.92,61,157,206,34.16
377,9,8,9,55.62,133,27,27,26.05,177,126,93,18.32
378,70,49,46,22.51,248,247,249,52.73,186,197,218,24.75
379,7,11,15,41.19,61,54,68,26.43,6,14,24,32.39
380,28,29,31,47.79,137,88,77,28.96,207,200,196,23.25
381,15,11,14,52.9,100,64,50,23.43,185,195,183,23.67
382,0,0,0,62.62,16,10,6,16.25,178,174,132,21.14
383,57,51,48,22.09,160,156,146,39.44,96,81,73,38.47
384,43,42,44,46.68,233,226,227,18.4,254,254,254,34.92
385,130,34,24,18.81,224,81,46,54.17,160,112,80,27.02
386,40,48,66,47.58,103,117,120,28.47,189,214,236,23.95
387,25,17,16,56.2,126,70,61,18.57,211,207,199,25.22
388,69,78,74,43.8,158,107,86,31.02,177,183,150,25.19
389,19,7,9,54.62,115,56,33,23.35,210,176,138,22.03
390,115,92,92,25.07,255,251,251,67.23,248,174,174,7.71
391,1,1,1,57.7,78,51,42,15.29,207,139,105,27.01
392,31,32,28,59.58,59,42,36,20.36,145,132,113,20.06
393,12,8,18,52.84,62,37,40,24.4,160,130,120,22.76
394,91,56,49,22.18,250,245,246,51.11,192,98,88,26.71
395,3,3,2,58.4,66,23,10,16.84,193,97,45,24.76
396,23,35,35,53.97,161,147,122,15.6,233,236,239,30.43
397,41,39,60,46.0,86,49,43,25.73,141,120,125,28.28
398,111,111,95,35.94,193,146,124,28.65,208,210,213,35.41
399,71,67,84,40.95,184,142,136,18.53,165,209,236,40.52
400,25,21,19,49.18,211,185,175,17.62,241,245,250,33.2
401,32,28,19,49.4,118,56,36,28.51,176,123,88,22.09
402,74,60,59,46.74,96,80,126,32.32,189,174,173,20.94
403,47,40,37,25.08,211,167,155,32.96,137,60,52,41.97
404,72,50,40,45.13,156,89,51,38.22,203,177,151,16.65
405,48,37,36,46.89,213,142,12,23.68,181,97,46,29.42
406,49,40,45,29.48,188,170,168,38.23,138,46,55,32.29
407,23,20,20,56.72,62,33,32,30.21,127,117,114,13.07
408,21,3,2,31.25,249,246,244,52.21,145,84,67,16.54
409,87,35,22,40.56,245,164,55,25.51,250,220,90,33.93
410,44,33,39,47.61,145,133,131,26.42,220,219,217,25.97
411,17,17,34,55.04,58,34,65,25.0,106,106,116,19.96
412,56,43,26,42.84,157,104,60,35.05,210,172,138,22.11
413,38,11,9,27.74,250,194,191,42.29,108,86,94,29.97
414,61,33,23,28.21,220,190,179,47.19,130,140,158,24.6
415,13,22,26,48.58,107,95,84,27.73,186,186,186,23.69
416,46,18,13,43.69,223,97,37,32.85,232,147,79,23.46
417,15,15,16,29.27,212,195,195,47.86,60,85,107,22.87
418,112,108,103,17.78,210,190,171,43.26,163,149,132,38.96
419,60,63,62,44.68,161,96,49,32.23,214,179,151,23.09
420,0,0,1,63.68,64,3,5,21.54,116,89,81,14.79
421,18,10,10,51.8,168,118,86,20.75,240,222,197,27.45
422,77,14,13,42.06,184,31,37,48.48,202,84,84,9.46
423,38,15,9,49.17,199,105,48,26.59,245,204,152,24.24
424,59,62,59,47.77,213,208,188,18.0,255,255,254,34.23
425,77,54,33,29.92,187,180,186,47.63,167,92,52,22.46
426,1,1,1,55.85,99,37,41,18.85,202,115,123,25.3
427,0,0,0,87.65,0,0,0,0.0,91,68,64,12.35
428,1,1,2,60.2,69,29,21,18.34,159,120,104,21.46
429,73,80,113,24.0,190,200,218,43.26,105,158,213,32.73
430,88,71,60,24.1,198,157,141,41.5,173,87,74,34.4
431,0,0,1,62.04,9,6,13,17.43,126,69,94,20.53
432,48,24,28,43.73,196,92,44,29.68,225,192,154,26.59
433,15,18,25,22.48,243,240,227,53.9,126,164,183,23.61
434,48,102,128,17.97,202,179,179,47.79,77,172,208,34.24
435,55,105,128,46.3,212,143,82,27.98,205,189,174,25.72
436,3,3,2,53.58,130,45,37,22.91,225,140,111,23.51
437,79,63,62,41.67,241,158,122,30.06,254,253,249,28.27
438,88,52,67,25.28,250,232,212,45.22,177,155,158,29.5
439,23,23,22,56.98,38,35,28,25.85,141,130,104,17.17
440,66,65,50,24.42,213,208,191,46.11,123,136,120,29.48
441,81,58,54,26.69,233,196,103,47.37,106,115,158,25.94
442,12,15,13,54.71,51,66,75,19.25,120,139,160,26.04
443,146,22,25,58.1,196,95,33,6.48,221,185,55,35.42
444,21,22,41,48.74,113,103,95,31.55,168,168,178,19.72
445,3,2,1,61.76,61,15,9,12.47,172,110,53,25.77
446,125,125,131,18.13,254,253,253,55.97,209,229,230,25.9
447,95,80,85,37.79,182,169,167,27.88,204,210,225,34.33
448,68,86,130,19.81,236,237,243,51.08,94,139,200,29.1
449,67,65,62,44.3,156,82,113,33.06,228,220,194,22.64
450,54,25,18,50.78,222,180,162,16.44,255,252,255,32.78
451,124,100,86,17.27,192,179,172,36.38,167,143,127,46.35
452,1,1,1,57.98,75,57,55,17.56,210,189,184,24.45
453,13,2,1,28.82,251,240,229,48.34,143,110,81,22.84
454,0,1,2,57.4,102,107,145,11.08,249,253,254,31.52
455,29,36,41,25.48,228,184,149,47.61,105,103,104,26.91
456,10,9,9,51.61,109,34,20,25.94,194,161,144,22.45
457,9,13,14,53.51,140,52,43,22.97,226,201,197,23.53
458,27,111,161,48.78,156,113,96,28.04,153,190,213,23.18
459,47,42,51,47.56,195,102,66,26.59,244,203,143,25.85
460,95,59,72,31.54,250,249,249,52.82,174,104,98,15.64
461,49,64,113,30.48,254,248,254,56.84,165,176,210,12.68
462,57,65,68,26.14,237,233,232,44.41,115,139,161,29.45
463,7,5,6,51.65,81,42,36,24.22,146,122,119,24.13
464,28,44,66,68.47,64,49,56,14.05,144,124,120,17.48
465,69,63,54,37.65,224,73,43,33.56,230,214,190,28.79
466,94,44,30,45.83,227,156,74,23.95,233,225,200,30.22
467,174,124,109,21.11,253,251,252,52.67,235,217,221,26.22
468,11,28,41,32.45,152,168,180,33.63,14,79,122,33.92
469,102,26,9,41.92,234,126,11,36.46,249,213,122,21.62
470,115,48,44,29.55,253,234,8,52.39,179,154,103,18.06
471,78,52,43,24.59,237,234,230,58.44,192,196,192,16.97
472,2,111,166,37.41,134,152,161,31.88,1,169,230,30.7
473,113,97,88,17.83,172,184,194,61.66,223,158,92,20.51
474,35,22,27,45.95,144,38,37,32.28,184,181,177,21.77
475,14,12,13,51.67,108,41,50,25.74,178,126,107,22.59
476,93,43,43,28.19,249,229,161,28.57,220,174,64,43.24
477,206,186,186,10.85,254,253,252,12.3,254,254,254,76.85
478,48,79,119,54.7,131,108,102,20.75,194,222,235,24.55
479,43,36,27,45.23,155,108,55,34.11,208,190,156,20.66
480,33,11,8,47.99,80,26,20,36.38,132,87,73,15.63
481,52,46,42,47.35,136,116,93,29.99,201,194,186,22.65
482,40,24,28,41.84,108,2,14,39.3,170,120,121,18.86
483,140,130,121,18.54,247,246,242,50.91,244,243,233,30.55
484,118,92,71,54.34,120,153,182,17.39,213,199,190,28.27
485,7,6,6,30.57,188,145,115,43.03,49,65,75,26.4
486,34,17,20,29.36,254,250,250,55.61,175,138,141,15.04
487,42,25,10,51.67,135,72,37,23.56,210,178,124,24.78
488,0,0,9,60.27,38,21,22,15.18,185,122,88,24.55
489,81,81,101,27.68,255,253,253,64.47,236,223,217,7.85
490,2,1,5,54.97,14,9,23,26.45,106,96,118,18.58
491,3,49,108,44.87,40,40,52,31.41,119,146,182,23.71
492,2,58,150,86.97,28,75,134,4.47,59,104,176,8.56
493,65,31,44,46.9,200,143,113,27.8,247,237,214,25.3
494,72,22,21,41.13,244,76,39,37.92,251,156,99,20.95
495,13,23,19,54.44,50,29,19,24.29,82,115,84,21.27
496,148,127,129,34.81,248,232,213,54.16,202,200,188,11.02
497,107,124,99,37.57,200,178,145,12.1,204,233,239,50.33
498,113,67,51,22.46,238,231,218,47.04,208,155,112,30.49
499,54,57,62,46.94,172,164,165,24.91,215,226,232,28.15
500,24,21,19,48.3,172,123,87,24.34,209,196,170,27.36
501,0,0,0,59.0,10,11,15,22.79,95,102,111,18.21
502,85,3,2,28.01,251,145,33,48.07,183,84,37,23.92
503,112,88,50,18.44,246,246,245,64.79,231,227,214,16.78
504,2,7,13,56.5,57,38,41,19.79,181,142,124,23.71
505,70,92,138,46.42,182,147,133,18.41,187,199,213,35.17
506,47,46,98,49.03,225,158,124,24.4,241,212,201,26.57
507,127,106,94,20.48,250,253,252,59.32,235,233,230,20.19
508,13,14,14,57.37,138,139,149,9.34,254,255,255,33.28
509,100,90,97,23.09,235,242,246,56.73,191,201,212,20.18
510,15,54,73,52.79,122,102,95,21.06,226,227,227,26.15
511,28,29,30,49.06,135,82,62,26.41,167,149,143,24.53
512,0,0,1,63.3,19,5,6,17.6,155,106,81,19.1
513,53,24,32,43.38,167,30,35,34.93,204,152,131,21.68
514,26,13,13,34.32,253,253,252,57.13,131,113,109,8.55
515,0,0,2,61.9,25,16,15,15.72,168,144,125,22.38
516,39,33,23,50.34,169,166,135,17.05,164,199,246,32.61
517,40,14,8,51.18,156,75,31,28.09,208,157,99,20.73
518,65,55,32,25.1,244,233,207,51.13,175,151,121,23.77
519,41,34,35,51.31,230,137,36,27.21,185,176,149,21.48
520,36,18,12,27.4,232,131,119,52.35,142,138,132,20.25
521,11,45,81,41.77,46,68,106,35.91,149,176,195,22.33
522,56,64,81,53.93,153,112,93,23.69,197,192,188,22.38
523,71,48,46,24.43,250,245,225,58.27,216,166,134,17.3
524,43,34,31,48.14,202,164,153,21.8,249,244,239,30.06
525,41,39,45,53.91,73,83,133,25.97,159,152,171,20.12
526,26,36,53,59.45,176,53,27,22.84,180,164,150,17.71
527,7,7,7,46.11,30,26,23,33.61,172,146,119,20.28
528,149,67,53,26.02,255,255,255,62.34,235,224,217,11.64
529,73,60,66,43.62,170,121,117,31.88,209,205,206,24.51
530,23,14,16,50.16,121,107,94,25.23,208,207,203,24.61
531,23,33,22,47.95,104,112,51,29.78,195,199,140,22.27
532,54,49,46,27.4,228,208,195,46.63,139,189,220,25.97
533,15,36,31,48.77,100,71,68,28.15,181,180,141,23.08
534,38,64,68,29.37,255,254,254,61.99,202,197,196,8.65
535,71,38,38,24.99,252,252,249,62.29,217,207,201,12.72
536,144,87,73,21.64,248,248,240,55.12,244,243,232,23.25
537,73,82,43,46.75,193,189,120,27.49,239,236,205,25.76
538,7,8,12,50.42,85,31,40,34.57,171,123,97,15.01
539,6,5,8,53.11,105,78,91,20.13,213,226,230,26.76
540,6,3,3,53.53,104,36,24,24.55,219,166,120,21.92
541,5,17,27,52.55,92,51,55,25.25,160,173,187,22.2
542,11,50,64,57.4,81,67,63,15.82,173,174,153,26.78
543,38,53,88,54.99,153,105,92,18.26,210,224,237,26.75
544,15,19,23,48.95,189,94,68,21.42,192,195,187,29.63
545,0,0,0,32.93,197,186,154,52.35,106,92,85,14.71
546,0,0,1,61.15,19,14,41,16.76,124,133,165,22.09
547,14,12,14,64.32,78,21,23,16.21,104,63,57,19.48
548,5,4,5,58.63,60,23,39,18.29,192,136,50,23.07
549,74,72,98,50.84,135,123,141,24.84,232,224,232,24.32
550,71,33,39,25.31,250,246,241,49.95,155,131,139,24.74
551,18,18,42,50.57,64,57,102,27.21,221,209,188,22.23
552,0,0,0,68.86,0,0,1,17.8,77,62,50,13.34
553,4,4,4,60.48,62,50,43,12.57,240,217,159,26.95
554,2,1,1,60.57,16,7,7,18.97,180,115,83,20.46
555,24,24,28,46.3,125,72,68,29.06,189,194,181,24.64
556,34,24,25,48.2,113,81,77,28.71,199,192,184,23.09
558,15,66,74,48.75,95,111,110,25.84,163,202,198,25.42
559,36,61,93,46.54,208,62,47,27.85,222,152,109,25.6
560,19,9,8,48.79,123,48,13,27.14,169,116,54,24.07
561,27,14,11,55.11,125,42,25,18.22,228,115,59,26.68
562,190,36,5,7.38,243,56,16,75.73,182,98,66,16.89
563,23,19,22,48.7,69,60,67,30.82,155,150,161,20.48
564,106,73,55,25.01,237,218,196,55.44,161,162,161,19.55
565,0,0,0,86.16,0,0,0,0.0,81,53,32,13.84
566,72,58,62,45.74,140,119,126,36.4,157,151,169,17.86
567,132,91,103,21.25,254,252,252,52.63,224,224,233,26.12
568,85,68,73,27.03,198,120,112,30.53,89,164,222,42.44
569,70,74,60,35.69,219,206,207,41.77,115,160,172,22.54
570,9,9,11,58.01,34,23,16,23.09,144,104,72,18.9
571,108,51,49,29.02,200,155,129,37.44,209,60,67,33.54
572,47,37,34,47.22,138,115,106,28.97,225,214,208,23.81
573,105,30,28,30.25,252,250,248,56.46,194,156,152,13.29
574,0,0,0,66.4,15,4,5,11.86,177,116,117,21.74
575,40,60,73,45.03,148,93,78,22.24,194,184,181,32.73
576,108,51,31,27.85,250,224,211,45.0,159,164,141,27.15
577,97,78,62,24.13,222,217,190,51.8,124,190,223,24.07
579,67,24,24,47.57,236,219,219,10.87,244,245,244,41.56
580,90,69,85,25.28,226,203,196,49.33,134,145,195,25.4
581,4,4,4,55.72,118,92,94,18.79,201,183,61,25.48
582,84,93,110,54.89,164,137,116,21.49,194,201,195,23.62
583,180,153,150,13.6,241,241,246,44.36,238,239,243,42.03
584,110,44,40,53.55,182,91,83,15.29,228,231,237,31.16
585,86,65,79,27.97,255,247,245,54.77,180,185,188,17.26
586,69,20,18,30.78,228,197,181,47.28,128,155,159,21.94
587,6,6,9,29.37,234,243,248,55.72,89,130,171,14.9
588,55,47,89,30.12,177,141,153,39.12,66,122,180,30.76
589,5,7,14,55.81,16,16,23,26.02,112,126,144,18.18
590,58,45,53,42.27,190,155,116,21.53,197,200,184,36.2
591,36,38,55,26.96,211,195,195,46.67,126,88,99,26.37
592,0,0,1,65.29,21,10,10,10.64,186,146,98,24.07
593,67,66,74,40.34,213,214,207,22.5,224,234,231,37.16
594,20,49,91,53.28,128,100,93,20.83,209,207,175,25.89
595,41,44,68,50.7,180,117,60,22.02,220,210,167,27.28
596,32,73,119,50.05,141,80,77,21.29,188,196,200,28.66
597,126,24,68,32.46,251,249,245,57.98,190,157,146,9.56
598,2,3,14,55.4,29,34,50,23.03,158,167,171,21.57
599,1,5,23,60.59,10,36,55,13.54,126,210,225,25.87
600,38,31,32,49.57,136,91,91,27.02,217,205,196,23.41
601,60,58,64,26.4,177,161,149,52.98,132,97,94,20.62
602,38,38,37,53.91,76,75,75,24.6,182,183,189,21.49
603,101,70,58,24.68,254,255,250,59.92,222,211,198,15.4
605,127,91,69,19.34,247,239,226,45.52,227,223,189,35.14
606,29,28,24,48.41,50,43,39,35.7,107,93,93,15.89
607,40,35,21,46.01,186,134,76,26.14,214,239,223,27.85
608,147,83,83,22.24,233,230,231,64.8,229,207,208,12.96
609,45,52,67,50.49,150,123,98,25.55,167,179,198,23.96
610,16,10,9,51.03,125,96,76,22.24,190,184,183,26.73
611,5,8,11,50.15,42,52,66,29.32,119,147,171,20.53
612,65,30,24,24.38,241,236,233,51.22,141,121,158,24.39
613,12,6,6,54.13,75,49,36,20.76,202,147,101,25.11
614,14,17,10,62.76,72,56,37,9.71,223,198,166,27.53
615,166,143,13,11.55,249,220,11,64.28,154,131,96,24.17
616,49,52,110,45.9,188,117,96,29.91,212,193,201,24.19
617,35,65,159,54.03,91,61,120,25.24,200,171,178,20.73
618,21,17,19,27.31,252,252,252,53.74,169,156,147,18.95
619,107,101,62,47.0,204,106,65,24.75,219,208,184,28.25
620,20,43,73,43.65,113,102,128,31.49,199,206,218,24.86
621,17,47,26,46.61,126,116,66,31.05,152,171,126,22.34
623,110,55,36,42.07,244,152,4,39.15,244,157,48,18.78
624,21,19,11,55.68,86,41,24,22.46,198,160,108,21.86
625,124,82,54,41.37,206,153,104,36.86,226,208,175,21.76
626,152,91,70,29.12,254,253,253,61.4,225,211,203,9.49
627,47,31,29,44.5,149,73,48,29.27,210,196,158,26.23
628,20,17,15,54.41,152,124,85,17.31,248,243,170,28.28
629,17,13,13,36.23,51,59,123,47.0,42,26,28,16.77
630,23,17,17,52.2,62,32,22,28.8,172,128,83,19.0
631,100,98,110,36.67,192,97,67,29.26,202,194,189,34.08
632,27,15,13,53.37,128,31,21,26.47,217,153,132,20.16
633,101,95,106,20.18,243,216,202,54.06,152,190,194,25.75
634,115,84,66,36.23,233,155,34,42.98,245,215,181,20.79
635,45,50,36,41.85,160,158,117,33.18,212,208,196,24.97
636,43,34,39,49.94,69,71,105,24.35,185,84,91,25.71
637,115,37,32,26.23,254,254,252,59.09,207,204,187,14.68
638,35,28,34,26.3,255,252,251,54.82,183,170,166,18.88
639,89,63,158,35.03,203,151,154,41.19,165,71,106,23.79
640,0,0,0,52.73,1,1,3,31.39,119,74,85,15.88
641,55,69,94,40.61,127,124,151,34.61,214,215,211,24.78
642,20,41,50,52.38,57,82,94,25.43,105,159,187,22.2
643,68,71,82,25.65,254,254,252,61.39,214,215,215,12.96
645,45,36,38,47.58,193,140,110,27.89,234,228,218,24.53
647,18,9,22,51.78,102,44,47,26.34,220,152,124,21.89
648,22,8,7,53.86,145,43,31,21.56,221,196,170,24.58
649,22,41,81,48.25,104,107,135,28.57,171,198,240,23.18
650,17,18,21,56.11,98,41,41,22.74,195,138,96,21.15
651,43,26,21,25.6,232,204,184,39.13,134,116,110,35.28
652,59,45,32,27.41,200,177,95,33.32,176,149,39,39.27
653,13,35,103,55.27,119,68,108,19.71,238,221,121,25.01
655,4,14,9,54.9,54,67,48,22.41,161,162,127,22.7
656,129,126,128,25.8,255,236,236,69.2,252,205,204,5.0
657,34,21,13,28.7,231,223,218,44.83,107,100,98,26.48
658,40,33,57,50.69,134,59,56,26.48,192,182,181,22.83
659,122,93,70,23.46,242,231,202,46.1,203,128,67,30.45
660,94,43,32,23.89,239,224,214,49.1,180,118,94,27.02
661,60,54,19,35.75,214,175,133,39.29,95,149,173,24.96
662,2,1,7,67.28,7,2,7,13.41,155,81,59,19.31
663,54,66,128,27.83,196,150,88,46.53,80,171,187,25.64
664,182,14,15,26.5,254,244,247,51.11,233,158,157,22.4
665,13,17,36,46.23,52,46,65,35.78,153,132,91,17.99
666,6,13,21,49.68,59,60,63,24.94,204,169,81,25.38
667,171,51,35,33.05,254,237,236,49.27,206,132,118,17.68
668,49,48,51,44.34,131,121,98,33.88,167,168,171,21.78
670,59,59,62,37.87,148,136,108,40.84,150,151,155,21.3
671,4,2,14,51.64,53,26,46,28.07,145,127,133,20.29
672,48,31,24,50.71,150,97,48,26.23,221,177,128,23.07
673,41,46,35,26.35,234,207,190,42.63,89,110,94,31.02
674,54,25,21,43.72,218,58,46,32.68,233,188,143,23.61
675,70,60,67,46.45,180,90,69,27.02,195,161,150,26.53
676,46,33,43,41.26,145,79,65,32.75,204,143,124,25.99
678,82,36,37,44.47,210,130,116,29.9,238,220,209,25.63
679,19,52,80,56.63,89,56,46,24.08,183,199,213,19.29
680,37,43,43,43.72,192,192,182,24.91,236,240,241,31.37
681,1,1,1,64.29,55,29,16,7.38,202,164,106,28.34
682,13,15,20,28.0,160,188,206,50.29,72,125,154,21.72
683,108,110,113,37.52,186,154,165,25.78,214,227,235,36.69
684,2,2,2,48.71,9,8,8,35.76,89,89,95,15.53
685,209,166,179,11.53,254,248,255,63.2,253,246,254,25.26
687,40,39,35,57.01,93,73,50,20.82,159,141,129,22.17
688,84,89,96,40.46,188,160,123,22.41,216,221,246,37.13
690,66,66,73,47.93,170,172,179,23.18,245,246,247,28.88
691,48,67,94,54.86,174,127,109,15.07,168,171,190,30.07
692,53,22,17,28.65,247,245,242,59.62,196,155,142,11.73
693,81,55,42,28.88,227,210,213,49.79,169,171,195,21.33
694,7,6,3,53.17,78,63,45,23.7,190,168,149,23.13
695,2,1,1,55.69,68,38,42,19.92,196,147,127,24.4
696,43,31,45,58.74,81,69,77,18.52,177,178,188,22.74
697,57,55,26,42.04,192,130,83,30.83,211,196,171,27.13
698,11,4,10,49.21,47,26,29,31.34,171,106,70,19.45
699,59,29,35,27.48,250,246,241,60.91,194,177,176,11.61
700,42,27,33,27.11,246,216,120,53.05,150,125,110,19.84
701,26,28,13,51.54,113,99,50,24.2,137,149,121,24.27
702,46,43,37,37.8,153,138,109,50.52,191,181,159,11.67
703,5,3,3,55.7,93,22,19,22.64,211,158,125,21.65
704,17,12,16,54.35,192,110,20,27.07,181,140,71,18.58
705,64,48,50,22.42,252,247,240,50.61,204,174,158,26.97
706,26,17,13,50.4,115,65,55,26.8,218,187,166,22.8
707,0,0,1,59.69,38,22,24,18.15,175,132,122,22.16
708,27,47,48,32.12,199,195,197,45.9,63,127,142,21.98
709,68,54,77,47.13,171,81,53,28.3,214,189,173,24.57
710,73,66,64,48.63,172,145,134,24.31,253,253,253,27.05
711,41,60,93,25.57,218,211,179,49.67,43,126,184,24.75
712,16,19,14,57.28,47,53,63,18.56,203,207,216,24.16
713,20,14,22,51.23,112,68,67,22.93,200,202,207,25.84
714,1,2,1,56.55,51,53,51,19.6,189,191,189,23.85
715,28,15,9,45.94,236,161,86,30.09,252,228,168,23.98
716,22,8,9,28.53,249,204,166,41.91,135,86,63,29.56
717,122,82,51,27.96,241,198,148,60.29,146,142,152,11.75
718,136,60,66,26.66,253,250,249,62.82,234,223,216,10.52
719,116,68,64,24.37,254,252,252,52.76,150,152,181,22.88
720,37,60,111,47.38,161,181,221,35.45,173,150,108,17.17
722,34,45,47,46.71,140,147,135,26.19,172,197,208,27.1
723,162,107,106,22.4,224,188,189,20.63,243,156,147,56.97
724,42,34,32,43.44,201,180,168,29.69,244,229,213,26.87
725,104,83,80,43.79,214,146,145,22.51,249,248,247,33.7
726,10,29,46,50.34,129,89,88,19.61,140,175,190,30.05
728,64,38,27,35.97,196,167,142,48.09,69,130,149,15.94
729,12,12,14,54.52,83,36,31,23.46,203,197,188,22.02
731,5,0,9,64.46,10,3,10,16.55,128,77,65,18.99
732,75,12,9,44.4,221,42,27,32.04,245,194,138,23.56
733,47,11,9,51.76,119,19,15,25.77,209,137,87,22.47
734,36,33,43,43.75,207,50,54,18.84,189,162,177,37.41
735,27,27,43,46.78,105,105,144,29.6,209,211,231,23.61
736,7,6,5,55.93,88,64,47,18.84,220,177,117,25.23
737,23,22,24,50.8,162,91,54,25.37,212,173,134,23.83
738,14,22,55,37.44,45,59,120,46.2,140,135,156,16.36
739,39,31,38,56.21,121,66,34,24.89,169,137,106,18.9
741,84,71,62,25.48,218,213,208,41.81,114,131,125,32.71
742,32,29,49,53.12,176,115,73,24.44,192,190,197,22.45
743,89,62,63,24.32,255,254,254,67.64,246,227,225,8.04
744,61,42,25,27.79,250,245,235,55.06,161,148,149,17.16
745,82,81,72,42.34,185,146,122,31.63,217,205,195,26.03
746,68,60,57,46.55,210,123,56,24.49,221,215,192,28.96
747,208,153,23,10.53,254,255,7,60.77,205,118,96,28.7
748,19,16,16,33.24,75,83,134,42.32,39,26,34,24.44
749,166,109,87,37.62,225,205,121,19.89,228,218,200,42.49
750,95,40,46,22.33,255,252,253,60.99,241,244,247,16.68
751,55,43,35,43.71,169,114,92,30.91,214,208,196,25.39
753,80,59,60,23.84,222,215,215,53.38,145,184,199,22.78
754,18,23,21,51.37,144,104,81,22.07,200,199,189,26.56
755,105,70,30,23.94,248,228,167,50.54,154,133,119,25.51
756,91,95,96,34.95,188,152,113,27.38,217,225,228,37.68
757,55,42,19,42.54,185,91,36,33.32,222,187,97,24.14
758,111,56,47,21.66,243,160,120,45.44,178,131,103,32.89
759,67,65,59,47.97,189,160,154,20.76,224,222,220,31.27
760,65,52,67,25.63,210,202,231,49.67,165,85,111,24.69
761,77,20,65,43.33,176,31,117,34.05,232,191,203,22.61
762,104,80,54,48.23,207,134,94,23.97,218,206,201,27.8
763,128,145,157,13.8,239,241,247,43.69,188,206,236,42.51
764,19,21,22,62.65,44,33,32,13.95,163,137,139,23.39
765,122,103,88,19.02,255,255,254,69.43,253,250,247,11.55
766,175,115,32,17.63,142,120,123,44.29,226,164,26,38.08
767,55,34,32,24.43,226,200,190,46.65,168,110,101,28.91
768,93,64,56,46.78,139,117,108,24.34,186,155,152,28.88
771,34,34,34,25.07,217,190,216,27.91,147,120,149,47.02
772,68,64,46,47.87,183,152,81,27.06,197,189,171,25.07
773,120,82,50,33.13,195,56,55,30.34,233,212,110,36.53
774,53,39,32,26.37,227,211,180,51.08,167,136,99,22.55
775,159,37,97,17.17,213,27,126,52.39,247,242,237,30.43
776,81,41,53,25.08,251,236,238,44.46,208,167,170,30.46
777,19,23,26,47.15,118,71,53,28.09,194,179,161,24.76
778,35,16,19,22.73,253,130,57,44.9,196,147,123,32.37
779,81,51,32,43.95,181,131,80,30.59,183,161,139,25.46
780,13,37,65,43.6,67,79,103,40.32,128,154,182,16.07
781,86,54,36,26.31,240,182,156,49.0,158,203,209,24.69
782,9,8,8,55.55,88,23,15,25.34,173,108,61,19.11
783,78,90,111,45.18,163,100,116,25.52,205,201,198,29.3
784,2,24,45,49.34,27,26,59,23.87,109,135,167,26.79
785,61,20,16,24.6,240,202,183,44.73,151,102,95,30.66
786,11,10,15,54.8,167,83,42,27.19,189,147,99,18.01
787,73,81,81,46.06,174,133,105,20.92,199,180,157,33.01
788,43,23,28,30.04,249,250,251,51.52,128,103,86,18.44
789,29,49,63,27.07,246,244,247,55.8,151,166,180,17.14
790,84,57,47,27.02,193,190,188,41.8,124,121,144,31.19
792,46,38,38,31.45,243,232,202,63.12,172,164,149,5.43
793,25,45,41,55.74,136,152,152,12.51,235,245,246,31.75
794,101,53,34,42.55,221,108,39,31.69,234,182,134,25.75
795,25,24,20,50.25,72,61,44,28.87,172,164,117,20.87
796,103,73,56,51.25,134,164,166,25.91,224,211,197,22.84
797,122,138,146,21.73,255,255,254,62.47,245,245,243,15.8
798,68,16,12,38.19,193,30,14,43.12,230,124,36,18.69
799,140,133,102,24.08,222,219,205,47.3,173,166,138,28.62
800,26,15,13,48.31,122,59,42,30.77,198,155,123,20.92
801,44,64,131,70.06,133,104,101,15.03,124,132,181,14.91
802,6,30,84,37.35,59,25,28,42.22,152,115,104,20.43
803,47,49,46,40.81,195,164,124,28.78,216,223,234,30.4
804,29,32,40,47.47,201,184,164,18.05,220,241,249,34.48
805,0,0,0,58.16,55,35,34,20.26,200,186,176,21.58
806,100,71,62,23.81,255,253,251,53.57,217,206,198,22.63
807,99,77,71,25.18,233,230,214,49.83,165,174,171,24.98
808,48,71,93,43.62,154,158,169,33.91,206,218,229,22.47
809,64,53,69,41.46,120,99,135,39.4,160,142,179,19.14
810,81,111,128,16.63,194,163,173,51.77,43,114,194,31.6
812,53,59,40,50.16,66,78,52,29.97,137,124,102,19.87
813,65,63,65,53.81,128,129,134,8.63,129,151,209,37.57
814,65,29,28,46.58,194,80,41,37.27,211,154,127,16.15
815,63,44,52,43.88,183,134,139,32.04,226,202,201,24.08
816,81,52,35,42.32,170,102,51,32.6,213,157,78,25.08
818,12,110,143,22.08,198,167,160,44.78,12,165,217,33.14
819,49,50,45,50.24,175,142,84,25.05,223,228,218,24.71
820,5,4,3,57.2,61,44,30,20.51,207,187,167,22.29
822,114,55,48,45.38,225,98,65,29.04,247,183,154,25.58
823,56,52,39,27.23,241,239,224,48.47,120,113,84,24.3
824,155,161,172,25.88,217,229,234,54.5,237,247,247,19.61
825,81,64,50,20.6,237,236,229,48.99,137,128,143,30.42
826,19,17,20,54.76,89,51,62,24.06,187,163,130,21.19
827,14,12,10,53.92,69,46,28,25.49,172,131,95,20.59
828,23,102,149,5.39,183,106,88,48.64,11,156,217,45.98
829,16,23,19,50.89,134,122,66,25.49,179,193,190,23.63
830,39,16,26,26.38,251,239,243,52.35,182,141,142,21.27
831,132,132,186,20.77,251,252,249,61.59,242,172,173,17.64
832,1,12,28,50.78,18,29,77,26.03,130,139,171,23.19
833,69,31,26,24.57,252,227,212,45.66,160,140,122,29.77
834,65,60,74,46.67,167,105,69,34.72,179,133,104,18.61
835,0,0,1,63.28,41,13,14,14.61,169,140,110,22.11
836,0,3,6,52.74,15,35,50,26.59,121,153,165,20.67
837,51,49,54,48.57,185,124,90,24.35,221,179,165,27.08
838,175,138,87,19.71,242,241,224,48.78,215,206,156,31.51
839,2,1,1,59.55,18,7,7,26.37,102,65,48,14.09
840,99,56,57,24.66,252,252,251,61.81,224,216,218,13.53
841,11,10,15,58.87,35,32,37,20.8,200,194,193,20.33
842,0,0,1,59.31,46,13,11,18.87,147,104,87,21.83
843,21,27,84,59.71,70,59,95,17.84,228,224,223,22.45
844,7,12,7,56.58,26,18,11,23.99,129,86,61,19.43
845,68,81,83,44.24,194,168,147,24.44,220,226,214,31.33
846,19,88,112,22.84,227,233,241,48.4,131,204,233,28.76
847,114,76,47,26.08,239,219,204,43.29,180,174,151,30.62
848,36,33,29,47.91,98,75,62,29.94,217,194,172,22.15
849,29,38,55,53.53,186,118,43,24.77,177,127,120,21.7
850,18,15,18,50.95,157,114,108,18.15,191,213,227,30.9
851,158,23,36,31.42,220,36,64,44.15,232,111,115,24.44
852,72,54,46,43.95,180,127,81,31.78,217,195,168,24.26
853,57,36,40,45.35,163,119,67,31.29,195,190,185,23.36
854,18,18,16,51.77,135,129,114,16.77,191,188,171,31.46
855,30,21,22,29.91,231,226,222,61.91,171,161,161,8.18
856,69,73,57,39.25,187,155,89,30.23,211,187,151,30.52
857,71,58,53,29.35,244,242,231,56.03,149,154,165,14.62
858,0,0,0,63.99,2,1,3,20.32,129,108,102,15.68
859,58,39,16,49.46,138,111,59,23.63,203,177,105,26.91
860,136,124,106,16.03,255,254,253,66.59,253,251,244,17.38
861,1,3,9,57.29,75,54,61,17.2,199,182,173,25.51
862,54,54,78,26.26,223,228,238,48.36,95,141,218,25.39
864,1,2,16,60.01,38,43,62,16.08,180,208,225,23.91
865,130,67,38,40.79,93,95,65,37.81,178,156,119,21.4
866,2,1,2,58.91,59,35,23,15.54,229,205,96,25.55
867,124,95,90,25.56,254,255,255,60.31,200,209,219,14.13
868,132,81,45,25.36,241,237,222,67.16,233,225,202,7.48
869,24,3,6,30.11,252,250,248,53.42,149,95,75,16.47
870,40,54,81,31.61,200,196,175,40.21,93,173,171,28.18
871,116,45,40,41.73,245,180,171,40.87,164,177,180,17.4
872,49,70,105,55.57,208,184,74,22.31,220,223,224,22.12
873,28,28,29,28.55,215,214,212,57.17,143,142,141,14.29
874,0,0,0,62.69,3,1,2,19.05,146,107,62,18.26
875,52,47,52,54.95,187,129,44,21.38,194,175,147,23.66
876,29,20,22,45.7,197,115,75,30.96,224,204,198,23.34
877,12,99,150,50.15,75,47,68,27.78,170,172,181,22.07
878,70,95,116,45.49,177,190,199,27.09,239,240,233,27.42
879,1,2,6,70.82,45,4,6,10.23,23,21,33,18.94
880,9,16,9,49.29,51,79,40,27.83,175,185,116,22.88
881,57,76,65,24.18,175,194,198,45.72,130,109,88,30.1
882,0,5,18,50.85,17,53,94,29.03,125,171,190,20.12
884,1,1,1,60.59,52,31,14,16.97,196,160,120,22.43
885,58,43,39,24.27,254,245,213,44.81,232,187,36,30.91
886,18,11,11,51.6,171,134,102,17.87,211,212,223,30.53
887,51,30,29,46.04,209,140,76,31.0,236,217,185,22.96
888,96,76,51,28.3,222,156,124,45.26,131,131,135,26.43
889,133,99,77,17.7,232,219,211,50.44,223,154,119,31.86
890,1,1,1,63.29,60,20,19,12.4,217,192,190,24.31
891,0,7,11,12.57,2,1,3,69.13,68,116,138,18.3
892,59,58,61,51.64,176,137,101,20.62,188,182,192,27.74
893,0,0,0,87.68,0,0,0,0.0,73,73,73,12.32
894,80,61,65,42.76,193,167,159,28.04,238,234,229,29.2
895,39,10,7,28.84,243,237,229,44.96,135,83,56,26.2
896,103,95,101,39.16,200,133,65,24.66,199,181,159,36.18
897,77,46,43,43.46,236,70,46,29.62,238,203,147,26.91
898,129,42,38,32.52,250,201,120,29.67,236,217,194,37.81
899,177,84,104,24.78,254,250,233,56.43,154,206,192,18.79
900,122,99,79,22.32,255,254,253,67.26,251,247,238,10.43
901,170,46,63,25.18,252,171,162,42.16,246,173,165,32.66
902,91,84,96,14.82,255,247,247,60.34,241,158,107,24.84
903,177,30,33,7.62,233,117,114,28.08,217,49,49,64.31
904,46,26,23,50.74,112,25,23,29.61,162,145,88,19.65
905,20,54,68,56.77,86,86,77,21.34,186,179,161,21.88
906,27,19,21,50.76,147,85,42,25.53,229,186,127,23.71
907,54,48,29,26.57,232,192,110,48.99,108,129,131,24.44
908,93,22,18,53.12,195,162,141,15.28,238,237,233,31.59
909,67,50,47,22.53,219,197,185,44.8,144,133,133,32.67
910,106,95,79,23.32,255,253,249,56.57,216,219,189,20.11
911,0,0,0,64.64,33,19,16,8.09,193,93,70,27.27
912,78,38,23,25.64,250,238,224,45.92,197,111,64,28.44
913,51,46,64,34.13,240,213,203,53.23,151,183,184,12.64
914,107,61,64,21.87,251,245,243,53.51,216,203,197,24.62
915,142,116,96,18.23,241,233,221,42.04,238,232,221,39.73
916,123,91,119,18.07,250,63,207,53.76,240,226,209,28.17
917,91,57,31,30.37,231,199,148,53.38,128,131,147,16.24
918,202,143,113,25.46,255,244,238,66.05,254,238,227,8.49
919,11,75,39,58.02,80,76,51,20.55,138,173,149,21.43
920,156,49,26,37.45,246,209,180,40.56,184,130,95,21.99
921,60,143,167,39.47,246,176,127,20.23,249,244,213,40.3
922,117,76,65,45.45,250,147,138,14.97,249,233,212,39.58
923,50,40,23,45.84,212,155,78,26.74,242,231,208,27.42
924,13,10,19,52.83,102,89,92,21.63,211,200,190,25.55
925,108,79,50,22.01,232,217,182,47.6,193,142,88,30.39
926,103,49,28,29.06,255,227,179,52.53,229,214,164,18.42
927,129,91,81,22.4,255,253,250,58.94,244,209,188,18.66
928,63,83,58,43.56,182,149,108,14.02,182,203,151,42.42
929,6,49,98,59.09,132,59,50,18.05,231,213,139,22.86
930,0,0,0,83.6,0,0,0,0.0,124,104,95,16.4
931,0,0,1,59.91,53,82,106,13.52,254,254,254,26.57
932,32,15,12,26.85,242,224,209,54.28,188,176,164,18.86
933,35,28,26,47.15,223,141,71,29.88,236,208,171,22.97
934,75,58,56,41.35,204,151,138,28.15,211,214,212,30.5
935,178,113,93,20.25,255,251,243,55.49,244,240,217,24.25
936,135,126,129,22.01,253,249,242,55.77,226,233,211,22.22
937,29,58,78,52.98,127,117,119,21.98,193,197,203,25.05
938,118,98,94,23.9,255,254,253,61.49,204,221,221,14.61
939,98,78,73,21.91,255,253,252,56.92,214,219,210,21.17
940,130,52,43,31.82,252,226,144,54.94,157,133,104,13.24
941,77,22,6,27.83,246,231,213,49.48,162,130,106,22.69
942,62,91,72,44.17,216,141,109,24.61,240,235,231,31.22
943,64,57,58,25.33,197,188,185,43.32,127,113,109,31.35
944,64,52,49,45.47,194,145,87,27.63,214,213,205,26.9
945,106,43,37,18.82,237,191,119,41.69,180,100,78,39.49
946,35,47,52,58.87,153,106,42,19.3,207,201,172,21.82
947,43,35,36,28.14,246,243,241,55.83,167,159,177,16.03
948,37,23,19,50.75,181,124,85,22.13,233,195,158,27.12
949,78,79,80,44.79,232,170,104,30.92,251,240,229,24.29
950,101,116,118,34.03,209,161,121,20.52,201,215,205,45.45
951,66,89,86,40.15,225,180,102,32.22,246,246,239,27.63
952,111,67,43,26.1,232,231,225,52.85,186,176,147,21.04
953,111,78,59,20.94,239,236,219,47.62,228,228,209,31.44
954,68,59,34,22.22,253,253,251,54.48,171,166,159,23.3
955,68,60,68,22.13,249,247,241,42.67,225,226,207,35.2
956,83,73,53,44.99,218,195,53,33.86,224,206,138,21.15
957,8,13,48,53.79,186,171,108,11.31,252,251,165,34.9
958,130,124,114,40.2,225,207,145,28.02,221,226,225,31.78
959,82,98,45,51.27,195,148,87,23.31,231,225,197,25.42
960,23,23,32,64.52,45,33,39,14.47,183,165,157,21.0
961,5,5,6,51.9,128,106,91,20.89,212,203,179,27.21
962,18,27,45,53.68,113,79,57,21.25,206,186,148,25.07
963,92,21,10,31.56,207,38,10,45.21,247,197,96,23.22
964,115,42,32,30.2,244,214,188,49.5,142,112,113,20.29
965,59,66,62,21.66,205,208,195,51.93,177,179,169,26.41
966,120,84,65,25.02,228,216,198,45.48,186,132,94,29.5
967,32,32,24,51.79,135,111,58,22.97,198,193,163,25.23
968,0,2,0,59.4,46,48,44,19.26,186,215,179,21.34
969,67,18,69,47.92,186,100,67,26.16,231,182,103,25.92
970,77,48,23,29.07,240,228,118,48.43,118,119,122,22.5
971,156,115,74,16.27,252,212,80,50.32,235,228,191,33.42
972,96,59,63,27.6,251,228,220,47.48,156,147,155,24.93
973,41,23,18,51.91,132,85,50,25.84,176,163,144,22.25
974,94,82,61,43.54,195,160,110,27.75,241,245,247,28.71
975,148,110,76,36.49,251,221,18,34.61,248,233,159,28.9
976,5,14,16,53.62,96,81,51,18.29,226,188,82,28.09
977,51,26,22,41.84,230,55,92,26.09,232,215,151,32.08
979,35,33,34,55.43,86,68,66,24.03,200,195,192,20.54
980,159,79,70,28.13,255,250,244,55.22,193,207,215,16.65
981,21,8,6,52.8,176,27,9,32.71,202,112,81,14.49
982,54,50,41,31.32,235,222,205,51.35,119,145,137,17.33
983,52,37,47,48.54,150,126,114,27.8,217,220,222,23.66
984,41,36,68,29.19,251,249,251,52.94,153,115,143,17.86
985,2,17,139,62.36,28,21,87,18.18,122,118,137,19.46
986,12,6,40,56.02,57,5,46,25.42,193,148,146,18.57
987,25,13,15,45.69,62,31,25,34.9,112,67,55,19.41
988,34,16,13,49.97,135,54,34,27.48,205,154,96,22.55
989,57,27,32,44.04,194,85,50,34.22,222,191,184,21.74
990,49,45,58,28.99,247,242,234,53.0,159,109,122,18.01
991,15,16,14,50.57,132,108,98,23.71,225,198,178,25.72
992,0,0,0,60.53,66,24,20,15.41,217,185,173,24.06
993,62,45,33,24.62,188,158,143,48.44,134,126,128,26.94
994,1,0,0,59.83,55,25,14,16.13,222,193,141,24.03
996,67,53,43,24.72,222,143,83,56.12,114,122,134,19.15
997,40,41,49,57.96,132,43,52,26.66,168,120,114,15.37
998,0,0,1,62.34,4,6,7,21.09,112,81,65,16.57
999,19,18,16,50.94,104,72,61,24.79,195,188,173,24.27
1000,110,10,15,23.17,250,41,54,51.7,183,126,132,25.13
